{
    "$schema": "https://schema.management.azure.com/schemas/2019-04-01/deploymentTemplate.json#",
    "contentVersion": "1.0.0.0",
    "parameters": {
        "accountName": {
            "type": "string",
            "defaultValue": "[concat('cosmicworks-', uniqueString(resourceGroup().id))]",
            "metadata": {
                "description": "Cosmos DB account name, max length 44 characters, lowercase"
            }
        },
        "location": {
            "type": "string",
            "defaultValue": "[resourceGroup().location]",
            "metadata": {
                "description": "Location for the Cosmos DB account."
            }
        }
    },
    "variables": {},
    "resources": [
        {
            "type": "Microsoft.DocumentDB/databaseAccounts",
            "apiVersion": "2021-01-15",
            "name": "[parameters('accountName')]",
            "location": "[parameters('location')]",
            "kind": "GlobalDocumentDB",
            "properties": {
                "databaseAccountOfferType": "Standard",
                "consistencyPolicy": {
                    "defaultConsistencyLevel": "Session"
                },
                "locations": [
                    {
                        "locationName": "[parameters('location')]",
                        "failoverPriority": 0,
                        "isZoneRedundant": false
                    }
                ]
            }
        }
    ],
    "outputs": {
        "uri": {
            "type": "string",
            "value": "[reference(resourceId('Microsoft.DocumentDb/databaseAccounts/', parameters('accountName'))).documentEndpoint]"
        },
        "key": {
            "type": "string",
            "value": "[listKeys(resourceId('Microsoft.DocumentDb/databaseAccounts', parameters('accountName')), '2021-01-15').primaryMasterKey]"
        }
    }
}